{"Hx":{"0":0.5657119122,"1":0.6110832492,"2":0.585803523,"3":0.5990737788,"4":0.5868627289,"5":0.5988748972,"6":0.6233369064,"7":0.4645402771,"8":0.5747424879,"9":0.4990575669,"10":0.6749232224,"11":0.62503053,"12":0.4884649256,"13":0.6003535878,"14":0.5651272292,"15":0.5967644517,"16":0.6557695513,"17":0.6211059826,"18":0.6169598957,"19":0.6028933274,"20":0.563373951,"21":0.5737307537,"22":0.5699292765,"23":0.4118548561,"24":0.6157636545,"25":0.5854071411,"26":0.4047433808,"27":0.6012878132,"28":0.650600378,"29":0.5049427679,"30":0.5994755399},"Hy":{"0":0.5281417799,"1":0.5476699172,"2":0.4619911048,"3":0.5055004121,"4":0.5259871397,"5":0.5502991363,"6":0.5386556428,"7":0.4421886802,"8":0.5115577405,"9":0.4147415627,"10":0.5509833873,"11":0.4920832051,"12":0.4073974254,"13":0.5205317202,"14":0.4971546974,"15":0.5243223917,"16":0.5357164597,"17":0.5559218691,"18":0.5265191235,"19":0.4624539151,"20":0.4461062343,"21":0.4675620312,"22":0.4674814371,"23":0.2519589153,"24":0.5051724333,"25":0.4869612292,"26":0.4328223876,"27":0.4559914108,"28":0.5619980175,"29":0.4480833716,"30":0.5250980096},"class":{"0":"WT_3m","1":"WT_3m","2":"WT_3m","3":"WT_3m","4":"WT_3m","5":"WT_3m","6":"WT_3m","7":"WT_3m","8":"WT_6m","9":"WT_6m","10":"WT_6m","11":"WT_6m","12":"WT_6m","13":"WT_6m","14":"WT_6m","15":"5xFAD_3m","16":"5xFAD_3m","17":"5xFAD_3m","18":"5xFAD_3m","19":"5xFAD_3m","20":"5xFAD_3m","21":"5xFAD_3m","22":"5xFAD_3m","23":"5xFAD_6m","24":"5xFAD_6m","25":"5xFAD_6m","26":"5xFAD_6m","27":"5xFAD_6m","28":"5xFAD_6m","29":"5xFAD_6m","30":"5xFAD_6m"}}