{"0":{"0":0.565232068,"1":0.6130733485,"2":0.5857723242,"3":0.5979667181,"4":0.586635228,"5":0.6007587823,"6":0.6246616497,"7":0.4628895238,"8":0.5747977486,"9":0.4991893078,"10":0.6757375081,"11":0.6238429982,"12":0.4877677203,"13":0.6003732798,"14":0.566207468,"15":0.5976874123,"16":0.655413194,"17":0.6215684568,"18":0.6163832919,"19":0.6011613387,"20":0.5620090822,"21":0.5746085906,"22":0.569776436,"23":0.4106942814,"24":0.6158257403,"25":0.5856332026,"26":0.404728722,"27":0.6015547679,"28":0.6488488734,"29":0.5051547876,"30":0.5991050255},"1":{"0":0.5278893849,"1":0.5481466567,"2":0.4604801915,"3":0.5034079079,"4":0.5258448386,"5":0.5484011231,"6":0.5394539004,"7":0.4435512695,"8":0.5117544709,"9":0.416460025,"10":0.5505813536,"11":0.4907330103,"12":0.4091526621,"13":0.5200752276,"14":0.4960194546,"15":0.5252667036,"16":0.5351947942,"17":0.5568921133,"18":0.5278309108,"19":0.4609055233,"20":0.4477490267,"21":0.4676761783,"22":0.4666136375,"23":0.2518300049,"24":0.5044405072,"25":0.4871394504,"26":0.4321805608,"27":0.4549157826,"28":0.5612179164,"29":0.4486984753,"30":0.5264210505},"2":{"0":"WT_3m","1":"WT_3m","2":"WT_3m","3":"WT_3m","4":"WT_3m","5":"WT_3m","6":"WT_3m","7":"WT_3m","8":"WT_6m","9":"WT_6m","10":"WT_6m","11":"WT_6m","12":"WT_6m","13":"WT_6m","14":"WT_6m","15":"5xFAD_3m","16":"5xFAD_3m","17":"5xFAD_3m","18":"5xFAD_3m","19":"5xFAD_3m","20":"5xFAD_3m","21":"5xFAD_3m","22":"5xFAD_3m","23":"5xFAD_6m","24":"5xFAD_6m","25":"5xFAD_6m","26":"5xFAD_6m","27":"5xFAD_6m","28":"5xFAD_6m","29":"5xFAD_6m","30":"5xFAD_6m"}}