{"Hx":{"0":0.5191682733,"1":0.6317553802,"2":0.6234318436,"3":0.5946410738,"4":0.5741938188,"5":0.5972850704,"6":0.6108279206,"7":0.4459950331,"8":0.5770226912,"9":0.5619140909,"10":0.6572246004,"11":0.6288009652,"12":0.578591126,"13":0.5721181971,"14":0.613206671,"15":0.6440348857,"16":0.6204370142,"17":0.6246567955,"18":0.6282238524,"19":0.6304907456,"20":0.5886866543,"21":0.6158690966,"22":0.6168754995,"23":0.4682756108,"24":0.5548410982,"25":0.6266554748,"26":0.4536981574,"27":0.6123077683,"28":0.6822255036,"29":0.5791908866,"30":0.6135730259},"Hy":{"0":0.4984106525,"1":0.553264992,"2":0.595069409,"3":0.5547240775,"4":0.5424451741,"5":0.5546534349,"6":0.5807421603,"7":0.425461453,"8":0.5282610204,"9":0.4608016974,"10":0.6411962382,"11":0.6061442965,"12":0.5565525542,"13":0.5658402308,"14":0.5431529908,"15":0.6105527146,"16":0.577963687,"17":0.5800937803,"18":0.5548237423,"19":0.5762297844,"20":0.550712088,"21":0.5723585306,"22":0.5848279839,"23":0.2693541318,"24":0.5522324416,"25":0.6073071915,"26":0.4258330577,"27":0.5859344909,"28":0.6798228374,"29":0.54249115,"30":0.5928830487},"class":{"0":"WT_3m","1":"WT_3m","2":"WT_3m","3":"WT_3m","4":"WT_3m","5":"WT_3m","6":"WT_3m","7":"WT_3m","8":"WT_6m","9":"WT_6m","10":"WT_6m","11":"WT_6m","12":"WT_6m","13":"WT_6m","14":"WT_6m","15":"5xFAD_3m","16":"5xFAD_3m","17":"5xFAD_3m","18":"5xFAD_3m","19":"5xFAD_3m","20":"5xFAD_3m","21":"5xFAD_3m","22":"5xFAD_3m","23":"5xFAD_6m","24":"5xFAD_6m","25":"5xFAD_6m","26":"5xFAD_6m","27":"5xFAD_6m","28":"5xFAD_6m","29":"5xFAD_6m","30":"5xFAD_6m"}}