{
  "3": {
    "WT_3m": {
      "values": [
        0.10737988314562745,
        0.14883351474561193,
        0.0666137242653704,
        0.06224435218367942,
        0.10466554747771949,
        0.09212520151244301
      ],
      "n": 6,
      "n_classes": 4
    },
    "WT_6m": {
      "values": [
        0.05199797881176399,
        0.13990146870311684,
        0.12110356417803422,
        0.10465520159744521,
        0.019788237810328197
      ],
      "n": 5,
      "n_classes": 4
    },
    "5xFAD_3m": {
      "values": [
        0.1089828368526472,
        0.12225330537565121,
        0.11064900314051403,
        0.1216212599072355,
        0.13529732998947244,
        0.17075339719232782,
        0.1299128369946334
      ],
      "n": 7,
      "n_classes": 4
    },
    "5xFAD_6m": {
      "values": [
        0.10662762380207604,
        0.07873804950562022,
        0.02620370848928247,
        0.031487212345641565,
        0.08919310466029873,
        0.06410220585667273
      ],
      "n": 6,
      "n_classes": 4
    }
  },
  "5": {
    "WT_3m": {
      "values": [
        0.11201200348813269,
        0.11759622145897629,
        0.059904813129867354,
        0.05450494347580896,
        0.086633604545312,
        0.08654153335262832
      ],
      "n": 6,
      "n_classes": 4
    },
    "WT_6m": {
      "values": [
        0.028816347099348338,
        0.08108770396110168,
        0.09653365404629592,
        0.07253762629571595,
        0.026557580367013753
      ],
      "n": 5,
      "n_classes": 4
    },
    "5xFAD_3m": {
      "values": [
        0.10334839248756154,
        0.11192607503268562,
        0.11267358498331337,
        0.12247744094494206,
        0.10524379657879038,
        0.08306460687377816,
        0.1040871438985719
      ],
      "n": 7,
      "n_classes": 4
    },
    "5xFAD_6m": {
      "values": [
        0.0988322946567658,
        0.0439821859321841,
        0.03957017948159142,
        0.07759107533761726,
        0.07574765405290089,
        0.10961292476634726
      ],
      "n": 6,
      "n_classes": 4
    }
  },
  "9": {
    "WT_3m": {
      "values": [
        0.14115213521493558,
        0.12593047906884317,
        0.09168481110110822,
        0.03236061713143483,
        0.09528364176095609,
        0.07501228476062972
      ],
      "n": 6,
      "n_classes": 4
    },
    "WT_6m": {
      "values": [
        0.036305904987674595,
        0.08010421441954761,
        0.07022627814044656,
        0.10164389539043386,
        0.027908870057970988
      ],
      "n": 5,
      "n_classes": 4
    },
    "5xFAD_3m": {
      "values": [
        0.14059616018788468,
        0.14031066918941157,
        0.12897181084449308,
        0.07627009825650718,
        0.178901968862379,
        0.16061114919987785,
        0.15409718000853856
      ],
      "n": 7,
      "n_classes": 4
    },
    "5xFAD_6m": {
      "values": [
        0.0811412315885267,
        0.06159927313105178,
        0.03147755992822474,
        0.0745230310316156,
        0.08514551786570525,
        0.10681034087197508
      ],
      "n": 6,
      "n_classes": 4
    }
  },
  "10": {
    "WT_3m": {
      "values": [
        0.08506648203761207,
        0.11639290907904551,
        0.026445525331138676,
        0.009096810300688797,
        0.08650296023707149,
        0.12687301644165536
      ],
      "n": 6,
      "n_classes": 4
    },
    "WT_6m": {
      "values": [
        0.0867601820467684,
        0.0731521037581076,
        0.08667237336666575,
        0.11404322782708431,
        0.019777694210967464
      ],
      "n": 5,
      "n_classes": 4
    },
    "5xFAD_3m": {
      "values": [
        0.09455368313624968,
        0.09296591753568892,
        0.09683678108906879,
        0.11585330255582528,
        0.11822212478980523,
        0.10109705421284024,
        0.14052911300901536
      ],
      "n": 7,
      "n_classes": 4
    },
    "5xFAD_6m": {
      "values": [
        0.07711228772144658,
        0.05540796329318343,
        0.010428894458840475,
        0.016365437388327946,
        0.029263878334107474,
        0.09339100583087985
      ],
      "n": 6,
      "n_classes": 4
    }
  },
  "12": {
    "WT_3m": {
      "values": [
        0.13898038153471742,
        0.13002623412416975,
        0.07401771624019844,
        0.04955159806995065,
        0.07232403004301644,
        0.15202893083868546
      ],
      "n": 6,
      "n_classes": 4
    },
    "WT_6m": {
      "values": [
        0.022147713151879415,
        0.10894454373807765,
        0.06952716937743873,
        0.07865013956553767,
        0.041712450565324695
      ],
      "n": 5,
      "n_classes": 4
    },
    "5xFAD_3m": {
      "values": [
        0.1436569870540452,
        0.14519549259516054,
        0.13050169655101448,
        0.12561024135534402,
        0.17850916359201735,
        0.13054310877966951,
        0.13329575676632638
      ],
      "n": 7,
      "n_classes": 4
    },
    "5xFAD_6m": {
      "values": [
        0.09886835392890626,
        0.09379653945520239,
        0.05003750528869808,
        0.042294603200698555,
        0.08292996385424126,
        0.07703523183514777
      ],
      "n": 6,
      "n_classes": 4
    }
  },
  "14": {
    "WT_3m": {
      "values": [
        0.08535595535163654,
        0.1281923620557567,
        0.05151702236414248,
        0.05464630852611893,
        0.10044230699721446,
        0.0901672877281598
      ],
      "n": 6,
      "n_classes": 4
    },
    "WT_6m": {
      "values": [
        0.023017070383701342,
        0.10352336291150933,
        0.0862483040953558,
        0.05453370321647347,
        0.05520497907305884
      ],
      "n": 5,
      "n_classes": 4
    },
    "5xFAD_3m": {
      "values": [
        0.11167953831728139,
        0.1143766465182892,
        0.11490556101229157,
        0.07775939424183725,
        0.10132823099574005,
        0.09636980489967312,
        0.10125845923476222
      ],
      "n": 7,
      "n_classes": 4
    },
    "5xFAD_6m": {
      "values": [
        0.07602770551821379,
        0.05433538282014174,
        0.027690103358168797,
        0.05910476603881394,
        0.0939221111341601,
        0.07362883764927242
      ],
      "n": 6,
      "n_classes": 4
    }
  },
  "15": {
    "WT_3m": {
      "values": [
        0.08535609948740616,
        0.07188405668370731,
        0.05365714221643329,
        0.058444634044086306,
        0.0468427886948167,
        0.06903603713353065
      ],
      "n": 6,
      "n_classes": 4
    },
    "WT_6m": {
      "values": [
        0.04609852052192873,
        0.05233373193644396,
        0.0508170747307277,
        0.060284391933940064,
        0.042996945846871804
      ],
      "n": 5,
      "n_classes": 4
    },
    "5xFAD_3m": {
      "values": [
        0.054275299489184595,
        0.07450752547338145,
        0.06710138315926968,
        0.05723594421206018,
        0.06104958961612963,
        0.06738563508635527,
        0.06717446659669933
      ],
      "n": 7,
      "n_classes": 4
    },
    "5xFAD_6m": {
      "values": [
        0.06419585158716223,
        0.051827764411508624,
        0.029576524312067566,
        0.063393033303013,
        0.06599122633140006,
        0.062274629972778446
      ],
      "n": 6,
      "n_classes": 4
    }
  },
  "19": {
    "WT_3m": {
      "values": [
        0.07230968453789252,
        0.10361064576844486,
        0.028855959740655485,
        0.047574493313420695,
        0.0931527780449352,
        0.11764018478439485
      ],
      "n": 6,
      "n_classes": 4
    },
    "WT_6m": {
      "values": [
        0.015972110795273508,
        0.06533344549273971,
        0.08332460719705564,
        0.06232585877016224,
        0.03566064075139702
      ],
      "n": 5,
      "n_classes": 4
    },