{
  "6": {
    "WT_3m": {
      "values": [
        0.11951708598440558,
        0.10638524125810252,
        0.22026540773762104,
        0.3048173947360966,
        0.17547858071836972,
        0.1524803560330678
      ],
      "n": 6,
      "n_classes": 4
    },
    "WT_6m": {
      "values": [
        0.4651259612988039,
        0.13952036055224754,
        0.25266426604790243,
        0.17986726160470243,
        0.2730220601250815
      ],
      "n": 5,
      "n_classes": 4
    },
    "5xFAD_3m": {
      "values": [
        0.25990819578851565,
        0.2258565327512338,
        0.2331852101009974,
        0.21483380381463738,
        0.20835137058768616,
        0.42710117528159114,
        0.25059858304504884
      ],
      "n": 7,
      "n_classes": 4
    },
    "5xFAD_6m": {
      "values": [
        0.15036604642142457,
        0.1721966570865424,
        0.49828275404327294,
        0.2830992451117013,
        0.1461186599732851,
        0.3267382188523294
      ],
      "n": 6,
      "n_classes": 4
    }
  },
  "10": {
    "WT_3m": {
      "values": [
        0.3160111609013428,
        0.820403947041261,
        0.2160612911322063,
        0.33907129548181664,
        0.3314935790982118,
        0.43710896672885563
      ],
      "n": 6,
      "n_classes": 4
    },
    "WT_6m": {
      "values": [
        0.46024317708547857,
        0.3710497563325739,
        0.35841122023874233,
        0.3583317501377766,
        0.19072983644913916
      ],
      "n": 5,
      "n_classes": 4
    },
    "5xFAD_3m": {
      "values": [
        0.4733263817013806,
        0.5201453750122673,
        0.43709990464257903,
        0.3408934470943193,
        0.5754386074601844,
        0.34800315530169446,
        0.6683329353114458
      ],
      "n": 7,
      "n_classes": 4
    },
    "5xFAD_6m": {
      "values": [
        0.46057985837997334,
        0.35998997902887003,
        0.2242375154025707,
        0.2351228333863572,
        0.3890353681030365,
        0.24071326099190113
      ],
      "n": 6,
      "n_classes": 4
    }
  },
  "17": {
    "WT_3m": {
      "values": [
        1.0961179347563348,
        1.0798630888767522,
        0.8748582217308511,
        0.6306614232500691,
        0.8932063183175107,
        0.8826702372011166
      ],
      "n": 6,
      "n_classes": 4
    },
    "WT_6m": {
      "values": [
        0.8481652561836263,
        0.9170049237484663,
        0.7998274651132461,
        0.911721038389032,
        0.4802655329611719
      ],
      "n": 5,
      "n_classes": 4
    },
    "5xFAD_3m": {
      "values": [
        0.8650896289501652,
        0.9579713323909032,
        0.8579559465234649,
        0.9162058623000882,
        0.9462323722509953,
        0.8262531455546426,
        0.9210422578739931
      ],
      "n": 7,
      "n_classes": 4
    },
    "5xFAD_6m": {
      "values": [
        0.889810493891229,
        0.6830859269312838,
        0.5215807061338833,
        0.6443310707818292,
        0.8952624301336861,
        0.7452708179522196
      ],
      "n": 6,
      "n_classes": 4
    }
  },
  "20": {
    "WT_3m": {
      "values": [
        0.5262756523488226,
        0.5321796600779536,
        0.17737968336553028,
        0.15142527979808573,
        0.39527194545103894,
        0.3560617896321752
      ],
      "n": 6,
      "n_classes": 4
    },
    "WT_6m": {
      "values": [
        0.27579769079568983,
        0.42810630324063026,
        0.38814051716361603,
        0.2813226020781147,
        0.2156826465874273
      ],
      "n": 5,
      "n_classes": 4
    },
    "5xFAD_3m": {
      "values": [
        0.5039026344614274,
        0.4797570512463817,
        0.3693263588309209,
        0.5029634142685174,
        0.49766950072055294,
        0.5014159597576029,
        0.38672375647635004
      ],
      "n": 7,
      "n_classes": 4
    },
    "5xFAD_6m": {
      "values": [
        0.3147857639862803,
        0.21491507344870356,
        0.22726608770602064,
        0.17705645592454955,
        0.33163666827709365,
        0.3458446850692452
      ],
      "n": 6,
      "n_classes": 4
    }
  }
}