{
  "0": {
    "WT_3m": {
      "values": [
        0.028135627429803144,
        0.04114129835166681,
        0.037958525748114286,
        0.03539783439540204,
        0.045288491075907274,
        0.04781063945188663
      ],
      "n": 6,
      "n_classes": 4
    },
    "WT_6m": {
      "values": [
        0.1151852484446349,
        0.05033597773719867,
        0.07147213010324008,
        0.05598688433853525,
        0.024902193542631207,
        0.017006594299644576
      ],
      "n": 6,
      "n_classes": 4
    },
    "5xFAD_3m": {
      "values": [
        0.06807374270416487,
        0.07179742976617401,
        0.03170181035656587,
        0.10164593043203643,
        0.1515321327105786,
        0.08743322473369704,
        0.11055025851890424
      ],
      "n": 7,
      "n_classes": 4
    },
    "5xFAD_6m": {
      "values": [
        0.034641034293782416,
        0.06765658509622902,
        0.039866107027349974,
        0.08953186912469117,
        0.10852063951138884,
        0.12064794658374538
      ],
      "n": 6,
      "n_classes": 4
    }
  },
  "2": {
    "WT_3m": {
      "values": [
        0.11366055863016035,
        0.1287468505369666,
        0.11007598846559644,
        0.0997031367453862,
        0.10772257470152947,
        0.1176240468941053
      ],
      "n": 6,
      "n_classes": 4
    },
    "WT_6m": {
      "values": [
        0.11864763942359817,
        0.1459080464416183,
        0.11518282289205463,
        0.07835501220549641,
        0.05486380903111524,
        0.1404247947821806
      ],
      "n": 6,
      "n_classes": 4
    },
    "5xFAD_3m": {
      "values": [
        0.13173242780408903,
        0.11452521979783795,
        0.12003217831184254,
        0.13205081728287776,
        0.13419923400643982,
        0.16046203100560955,
        0.10429428426450613
      ],
      "n": 7,
      "n_classes": 4
    },
    "5xFAD_6m": {
      "values": [
        0.09770123259427636,
        0.0629617253480652,
        0.07859436699785634,
        0.10009667109080872,
        0.10329190132402284,
        0.08627789381343055
      ],
      "n": 6,
      "n_classes": 4
    }
  },
  "3": {
    "WT_3m": {
      "values": [
        0.1110706794346264,
        0.07589945316301133,
        0.06535697944349407,
        0.044945382192493374,
        0.056843654052469446,
        0.06907309492235762
      ],
      "n": 6,
      "n_classes": 4
    },
    "WT_6m": {
      "values": [
        0.026743346302521235,
        0.06970337647751138,
        0.08456056365903251,
        0.05085323532004247,
        0.02203781109515557,
        0.06613893408622445
      ],
      "n": 6,
      "n_classes": 4
    },
    "5xFAD_3m": {
      "values": [
        0.10558350440207868,
        0.08313882772594246,
        0.047747451589431805,
        0.11813648522644554,
        0.15362572209911735,
        0.12842847349336256,
        0.13659382660775804
      ],
      "n": 7,
      "n_classes": 4
    },
    "5xFAD_6m": {
      "values": [
        0.03777408604997087,
        0.07702021210877835,
        0.07131556975990376,
        0.11337982380610848,
        0.11688794974597179,
        0.0821902601317804
      ],
      "n": 6,
      "n_classes": 4
    }
  },
  "5": {
    "WT_3m": {
      "values": [
        0.12919333166122132,
        0.12626110547980346,
        0.11180102978744309,
        0.10552277516038788,
        0.12249656448927597,
        0.11974125524112555
      ],
      "n": 6,
      "n_classes": 4
    },
    "WT_6m": {
      "values": [
        0.11285058366731214,
        0.14532412259540886,
        0.11467702156144348,
        0.08823108835167082,
        0.06932755684845768,
        0.14906152777313209
      ],
      "n": 6,
      "n_classes": 4
    },
    "5xFAD_3m": {
      "values": [
        0.13958088791723847,
        0.13014570254745847,
        0.1303855358887024,
        0.13303854858731148,
        0.13311567257144258,
        0.16609780318844503,
        0.12314007621753584
      ],
      "n": 7,
      "n_classes": 4
    },
    "5xFAD_6m": {
      "values": [
        0.08362727440431869,
        0.06659669471055626,
        0.0871053463541979,
        0.09794821171551946,
        0.1129961169930241,
        0.08249271252430472
      ],
      "n": 6,
      "n_classes": 4
    }
  }
}