{"0":{"MR-0644":0.0281356274,"MR-0645":0.0411412984,"MR-0648":0.0379585257,"MR-0649":0.0353978344,"MR-0654-t1":0.0452884911,"MR-0654-t2":0.0478106395,"MR-0655":0.1151852484,"MR-0656":0.0503359777,"MR-0657-t2":0.0714721301,"MR-0658":0.0559868843,"MR-0659-t1":0.0249021935,"MR-0659-t2":0.0170065943,"MR-0661":0.0680737427,"MR-0662":0.0717974298,"MR-0663":0.0317018104,"MR-0665":0.1016459304,"MR-0667":0.1515321327,"MR-0668":0.0874332247,"MR-0669":0.1105502585,"MR-0674":0.0346410343,"MR-0676":0.0676565851,"MR-0677":0.039866107,"MR-0678":0.0895318691,"MR-0679":0.1085206395,"MR-0680":0.1206479466},"1":{"MR-0644":0.109961347,"MR-0645":0.1003738507,"MR-0648":0.0745412986,"MR-0649":0.0987302999,"MR-0654-t1":0.0696979424,"MR-0654-t2":0.0865780588,"MR-0655":0.0611385882,"MR-0656":0.0986380343,"MR-0657-t2":0.0895300693,"MR-0658":0.0856494067,"MR-0659-t1":0.0724965918,"MR-0659-t2":0.0796669678,"MR-0661":0.0983867444,"MR-0662":0.0860835093,"MR-0663":0.0848963949,"MR-0665":0.1057183368,"MR-0667":0.0958907999,"MR-0668":0.0912496605,"MR-0669":0.107348329,"MR-0674":0.0868905458,"MR-0676":0.0637949467,"MR-0677":0.0838177368,"MR-0678":0.1113960437,"MR-0679":0.0957472076,"MR-0680":0.0937881766},"2":{"MR-0644":0.0504354866,"MR-0645":0.0398635347,"MR-0648":0.0393699671,"MR-0649":0.0367006347,"MR-0654-t1":0.0374429184,"MR-0654-t2":0.0372101097,"MR-0655":0.0515390806,"MR-0656":0.0473028718,"MR-0657-t2":0.054347879,"MR-0658":0.0263622747,"MR-0659-t1":0.0334974947,"MR-0659-t2":0.0330886105,"MR-0661":0.0488839198,"MR-0662":0.0309577748,"MR-0663":0.0460413725,"MR-0665":0.0322029882,"MR-0667":0.0486282343,"MR-0668":0.0341319828,"MR-0669":0.0257271478,"MR-0674":0.0382945065,"MR-0676":0.0243267115,"MR-0677":0.0340893719,"MR-0678":0.0355935953,"MR-0679":0.0314594504,"MR-0680":0.0394844001},"3":{"MR-0644":0.1110706794,"MR-0645":0.0758994532,"MR-0648":0.0653569794,"MR-0649":0.0449453822,"MR-0654-t1":0.0568436541,"MR-0654-t2":0.0690730949,"MR-0655":0.0267433463,"MR-0656":0.0697033765,"MR-0657-t2":0.0845605637,"MR-0658":0.0508532353,"MR-0659-t1":0.0220378111,"MR-0659-t2":0.0661389341,"MR-0661":0.1055835044,"MR-0662":0.0831388277,"MR-0663":0.0477474516,"MR-0665":0.1181364852,"MR-0667":0.1536257221,"MR-0668":0.1284284735,"MR-0669":0.1365938266,"MR-0674":0.037774086,"MR-0676":0.0770202121,"MR-0677":0.0713155698,"MR-0678":0.1133798238,"MR-0679":0.1168879497,"MR-0680":0.0821902601},"4":{"MR-0644":0.1137885153,"MR-0645":0.1063370218,"MR-0648":0.0699574068,"MR-0649":0.0812648884,"MR-0654-t1":0.076419884,"MR-0654-t2":0.0853434592,"MR-0655":0.0756060163,"MR-0656":0.1059504083,"MR-0657-t2":0.0940998971,"MR-0658":0.087113295,"MR-0659-t1":0.0465295955,"MR-0659-t2":0.0877993561,"MR-0661":0.101130364,"MR-0662":0.0770220134,"MR-0663":0.0516251046,"MR-0665":0.1066465109,"MR-0667":0.0919229083,"MR-0668":0.0922957359,"MR-0669":0.1131375831,"MR-0674":0.077758297,"MR-0676":0.0613819352,"MR-0677":0.0772703978,"MR-0678":0.1057903938,"MR-0679":0.0862385626,"MR-0680":0.0938537399},"5":{"MR-0644":0.0424093668,"MR-0645":0.0402905583,"MR-0648":0.0381094121,"MR-0649":0.0367399624,"MR-0654-t1":0.0387600838,"MR-0654-t2":0.041976801,"MR-0655":0.0442088986,"MR-0656":0.0516450947,"MR-0657-t2":0.0553304986,"MR-0658":0.026407019,"MR-0659-t1":0.0252277862,"MR-0659-t2":0.0382787157,"MR-0661":0.0503256591,"MR-0662":0.0531461295,"MR-0663":0.0435483434,"MR-0665":0.035229606,"MR-0667":0.0455133816,"MR-0668":0.0334078526,"MR-0669":0.0283867977,"MR-0674":0.044085987,"MR-0676":0.0238106765,"MR-0677":0.0331348748,"MR-0678":0.0355559988,"MR-0679":0.0274915201,"MR-0680":0.0440139345},"type":{"MR-0644":"WT_3m","MR-0645":"WT_3m","MR-0648":"WT_3m","MR-0649":"WT_3m","MR-0654-t1":"WT_3m","MR-0654-t2":"WT_3m","MR-0655":"WT_6m","MR-0656":"WT_6m","MR-0657-t2":"WT_6m","MR-0658":"WT_6m","MR-0659-t1":"WT_6m","MR-0659-t2":"WT_6m","MR-0661":"5xFAD_3m","MR-0662":"5xFAD_3m","MR-0663":"5xFAD_3m","MR-0665":"5xFAD_3m","MR-0667":"5xFAD_3m","MR-0668":"5xFAD_3m","MR-0669":"5xFAD_3m","MR-0674":"5xFAD_6m","MR-0676":"5xFAD_6m","MR-0677":"5xFAD_6m","MR-0678":"5xFAD_6m","MR-0679":"5xFAD_6m","MR-0680":"5xFAD_6m"}}