{
  "0": {
    "WT_3m": {
      "values": [
        0.0228336520985474,
        0.031850678523001566,
        0.016986432144984184,
        0.017350994417284084,
        0.025041422069607244,
        0.027380878673655986
      ],
      "n": 6,
      "n_classes": 4
    },
    "WT_6m": {
      "values": [
        0.06351811723591368,
        0.03194361128183732,
        0.055601259002505364,
        0.032291524769413146,
        0.01211307188896665,
        0.007070700661984246
      ],
      "n": 6,
      "n_classes": 4
    },
    "5xFAD_3m": {
      "values": [
        0.04022854291083143,
        0.040639732141060966,
        0.03538091013112776,
        0.06661418303415995,
        0.10907329680797474,
        0.05462089955186672,
        0.07399608148527079
      ],
      "n": 7,
      "n_classes": 4
    },
    "5xFAD_6m": {
      "values": [
        0.018714936738405383,
        0.024602382534738596,
        0.017536193119206425,
        0.0625162949796868,
        0.0645553779554862,
        0.0724743967851177
      ],
      "n": 6,
      "n_classes": 4
    }
  },
  "3": {
    "WT_3m": {
      "values": [
        0.07080917599598875,
        0.05698353436353014,
        0.02129332199737127,
        0.02090217263580415,
        0.02702321741581765,
        0.042409400220392725
      ],
      "n": 6,
      "n_classes": 4
    },
    "WT_6m": {
      "values": [
        0.0131987567425609,
        0.043762772157066726,
        0.05538140075499683,
        0.024611372435167485,
        0.027555032664907567,
        0.03188441539279037
      ],
      "n": 6,
      "n_classes": 4
    },
    "5xFAD_3m": {
      "values": [
        0.06823540503087255,
        0.0518071834529696,
        0.04781429536017503,
        0.07870129357912402,
        0.09754258863682985,
        0.08113967136778452,
        0.08876298118057552
      ],
      "n": 7,
      "n_classes": 4
    },
    "5xFAD_6m": {
      "values": [
        0.010945588101119444,
        0.028105158244580757,
        0.027914933155048005,
        0.07536884336310852,
        0.06403493154816466,
        0.038721527595307725
      ],
      "n": 6,
      "n_classes": 4
    }
  },
  "5": {
    "WT_3m": {
      "values": [
        0.028293753100596824,
        0.03723683901166686,
        0.01465145800750736,
        0.019108071855097587,
        0.020697944574471508,
        0.028574944545660695
      ],
      "n": 6,
      "n_classes": 4
    },
    "WT_6m": {
      "values": [
        0.033159240844540444,
        0.04685713098005085,
        0.04254972153960615,
        0.018769083199806833,
        0.018048105590959544,
        0.032379662246388004
      ],
      "n": 6,
      "n_classes": 4
    },
    "5xFAD_3m": {
      "values": [
        0.02765958926099075,
        0.03326179319692394,
        0.02184190415889137,
        0.028557517896905752,
        0.022522753660546933,
        0.02415983643668658,
        0.025228540700695107
      ],
      "n": 7,
      "n_classes": 4
    },
    "5xFAD_6m": {
      "values": [
        0.016912870569265385,
        0.019864629066417405,
        0.010347803042937592,
        0.021924191271595887,
        0.019915095367405013,
        0.015706982950090636
      ],
      "n": 6,
      "n_classes": 4
    }
  }
}