{"0":{"MR-0644":0.0228336521,"MR-0645":0.0318506785,"MR-0648":0.0169864321,"MR-0649":0.0173509944,"MR-0654-t1":0.0250414221,"MR-0654-t2":0.0273808787,"MR-0655":0.0635181172,"MR-0656":0.0319436113,"MR-0657-t2":0.055601259,"MR-0658":0.0322915248,"MR-0659-t1":0.0121130719,"MR-0659-t2":0.0070707007,"MR-0661":0.0402285429,"MR-0662":0.0406397321,"MR-0663":0.0353809101,"MR-0665":0.066614183,"MR-0667":0.1090732968,"MR-0668":0.0546208996,"MR-0669":0.0739960815,"MR-0674":0.0187149367,"MR-0676":0.0246023825,"MR-0677":0.0175361931,"MR-0678":0.062516295,"MR-0679":0.064555378,"MR-0680":0.0724743968},"1":{"MR-0644":0.0843014041,"MR-0645":0.0626951613,"MR-0648":0.0521052907,"MR-0649":0.0555150308,"MR-0654-t1":0.0451845687,"MR-0654-t2":0.0633866753,"MR-0655":0.0340976312,"MR-0656":0.0583480221,"MR-0657-t2":0.0517972885,"MR-0658":0.0535733553,"MR-0659-t1":0.0369079282,"MR-0659-t2":0.0514956744,"MR-0661":0.0551559777,"MR-0662":0.0661219221,"MR-0663":0.0181948833,"MR-0665":0.0727539378,"MR-0667":0.0621034848,"MR-0668":0.0578965493,"MR-0669":0.0773984755,"MR-0674":0.0626502966,"MR-0676":0.025558478,"MR-0677":0.0345128602,"MR-0678":0.0731800752,"MR-0679":0.0641171826,"MR-0680":0.0501611342},"2":{"MR-0644":0.0290364344,"MR-0645":0.0313940223,"MR-0648":0.0214513104,"MR-0649":0.016471507,"MR-0654-t1":0.017814244,"MR-0654-t2":0.0238512801,"MR-0655":0.0460237501,"MR-0656":0.0413848924,"MR-0657-t2":0.0399758411,"MR-0658":0.0210934594,"MR-0659-t1":0.0141550024,"MR-0659-t2":0.0272829855,"MR-0661":0.0240824508,"MR-0662":0.0155374935,"MR-0663":0.0316809363,"MR-0665":0.0304027108,"MR-0667":0.0244527449,"MR-0668":0.0234008273,"MR-0669":0.0289996973,"MR-0674":0.0168592871,"MR-0676":0.0179678566,"MR-0677":0.0120981162,"MR-0678":0.0285870229,"MR-0679":0.027667029,"MR-0680":0.0152834341},"3":{"MR-0644":0.070809176,"MR-0645":0.0569835344,"MR-0648":0.021293322,"MR-0649":0.0209021726,"MR-0654-t1":0.0270232174,"MR-0654-t2":0.0424094002,"MR-0655":0.0131987567,"MR-0656":0.0437627722,"MR-0657-t2":0.0553814008,"MR-0658":0.0246113724,"MR-0659-t1":0.0275550327,"MR-0659-t2":0.0318844154,"MR-0661":0.068235405,"MR-0662":0.0518071835,"MR-0663":0.0478142954,"MR-0665":0.0787012936,"MR-0667":0.0975425886,"MR-0668":0.0811396714,"MR-0669":0.0887629812,"MR-0674":0.0109455881,"MR-0676":0.0281051582,"MR-0677":0.0279149332,"MR-0678":0.0753688434,"MR-0679":0.0640349315,"MR-0680":0.0387215276},"4":{"MR-0644":0.0766218806,"MR-0645":0.0796213475,"MR-0648":0.0476788035,"MR-0649":0.0290349352,"MR-0654-t1":0.0473960273,"MR-0654-t2":0.061389677,"MR-0655":0.0655327024,"MR-0656":0.0670612473,"MR-0657-t2":0.0543605309,"MR-0658":0.0452551975,"MR-0659-t1":0.043171212,"MR-0659-t2":0.056278316,"MR-0661":0.0724603359,"MR-0662":0.0406156321,"MR-0663":0.0167434002,"MR-0665":0.0732852459,"MR-0667":0.0561910983,"MR-0668":0.0616357805,"MR-0669":0.0719226346,"MR-0674":0.0442493501,"MR-0676":0.0315415382,"MR-0677":0.0219043845,"MR-0678":0.0524075734,"MR-0679":0.0402146802,"MR-0680":0.0560232627},"5":{"MR-0644":0.0282937531,"MR-0645":0.037236839,"MR-0648":0.014651458,"MR-0649":0.0191080719,"MR-0654-t1":0.0206979446,"MR-0654-t2":0.0285749445,"MR-0655":0.0331592408,"MR-0656":0.046857131,"MR-0657-t2":0.0425497215,"MR-0658":0.0187690832,"MR-0659-t1":0.0180481056,"MR-0659-t2":0.0323796622,"MR-0661":0.0276595893,"MR-0662":0.0332617932,"MR-0663":0.0218419042,"MR-0665":0.0285575179,"MR-0667":0.0225227537,"MR-0668":0.0241598364,"MR-0669":0.0252285407,"MR-0674":0.0169128706,"MR-0676":0.0198646291,"MR-0677":0.010347803,"MR-0678":0.0219241913,"MR-0679":0.0199150954,"MR-0680":0.015706983},"type":{"MR-0644":"WT_3m","MR-0645":"WT_3m","MR-0648":"WT_3m","MR-0649":"WT_3m","MR-0654-t1":"WT_3m","MR-0654-t2":"WT_3m","MR-0655":"WT_6m","MR-0656":"WT_6m","MR-0657-t2":"WT_6m","MR-0658":"WT_6m","MR-0659-t1":"WT_6m","MR-0659-t2":"WT_6m","MR-0661":"5xFAD_3m","MR-0662":"5xFAD_3m","MR-0663":"5xFAD_3m","MR-0665":"5xFAD_3m","MR-0667":"5xFAD_3m","MR-0668":"5xFAD_3m","MR-0669":"5xFAD_3m","MR-0674":"5xFAD_6m","MR-0676":"5xFAD_6m","MR-0677":"5xFAD_6m","MR-0678":"5xFAD_6m","MR-0679":"5xFAD_6m","MR-0680":"5xFAD_6m"}}