{
  "1": {
    "WT_3m": {
      "values": [
        1.6124948110762796,
        1.507442294068437,
        1.515820086284054,
        1.547042467803974,
        1.5072321803550783,
        1.6150571883503229
      ],
      "n": 6,
      "n_classes": 4
    },
    "WT_6m": {
      "values": [
        1.624333285636519,
        1.6766101890815266,
        1.4456799571862016,
        1.514195440325616,
        1.613992505840344,
        1.4569550064292527
      ],
      "n": 6,
      "n_classes": 4
    },
    "5xFAD_3m": {
      "values": [
        1.5597771271124081,
        1.523226348738328,
        1.0603751119322453,
        1.5761968561779007,
        1.6236777626248111,
        1.5276219999040122,
        1.6292293131666427
      ],
      "n": 7,
      "n_classes": 4
    },
    "5xFAD_6m": {
      "values": [
        1.511406144106413,
        1.257356433903629,
        1.456683672434323,
        1.6270773253536837,
        1.468573979365391,
        1.4364940002628674
      ],
      "n": 6,
      "n_classes": 4
    }
  },
  "2": {
    "WT_3m": {
      "values": [
        1.4305686139373497,
        1.4086627647452235,
        1.2406529247097653,
        1.421708413611357,
        1.3231151803737,
        1.3977769728647997
      ],
      "n": 6,
      "n_classes": 4
    },
    "WT_6m": {
      "values": [
        1.6048666020850022,
        1.6370681737648258,
        1.3588311060327187,
        1.364950673959108,
        1.176115958577776,
        1.3845781227202758
      ],
      "n": 6,
      "n_classes": 4
    },
    "5xFAD_3m": {
      "values": [
        1.4939885293216577,
        1.4793945084282873,
        1.0240742623472618,
        1.4381311854602832,
        1.4381738614476651,
        1.4535430854834885,
        1.4846293372916513
      ],
      "n": 7,
      "n_classes": 4
    },
    "5xFAD_6m": {
      "values": [
        1.382741387574527,
        1.2889844751174513,
        1.2632921956903291,
        1.4571393678207842,
        1.389543402028542,
        1.2907640507429454
      ],
      "n": 6,
      "n_classes": 4
    }
  }
}