{"0":{"MR-0644":1.3861637016,"MR-0645":1.4990376502,"MR-0648":1.4078637218,"MR-0649":1.4291214066,"MR-0654-t1":1.4610192163,"MR-0654-t2":1.5014869563,"MR-0655":1.6863392056,"MR-0656":1.5731632194,"MR-0657-t2":1.6645219572,"MR-0658":1.5158376421,"MR-0659-t1":1.4818298279,"MR-0659-t2":1.3327185458,"MR-0661":1.5475940645,"MR-0662":1.4657893083,"MR-0663":1.2970476665,"MR-0665":1.6082000016,"MR-0667":1.7120397725,"MR-0668":1.5295750711,"MR-0669":1.6457191886,"MR-0674":1.3012548731,"MR-0676":1.3087978292,"MR-0677":1.3990826142,"MR-0678":1.6409236343,"MR-0679":1.5393922446,"MR-0680":1.5638668743},"1":{"MR-0644":1.6124948111,"MR-0645":1.5074422941,"MR-0648":1.5158200863,"MR-0649":1.5470424678,"MR-0654-t1":1.5072321804,"MR-0654-t2":1.6150571884,"MR-0655":1.6243332856,"MR-0656":1.6766101891,"MR-0657-t2":1.4456799572,"MR-0658":1.5141954403,"MR-0659-t1":1.6139925058,"MR-0659-t2":1.4569550064,"MR-0661":1.5597771271,"MR-0662":1.5232263487,"MR-0663":1.0603751119,"MR-0665":1.5761968562,"MR-0667":1.6236777626,"MR-0668":1.5276219999,"MR-0669":1.6292293132,"MR-0674":1.5114061441,"MR-0676":1.2573564339,"MR-0677":1.4566836724,"MR-0678":1.6270773254,"MR-0679":1.4685739794,"MR-0680":1.4364940003},"2":{"MR-0644":1.4305686139,"MR-0645":1.4086627647,"MR-0648":1.2406529247,"MR-0649":1.4217084136,"MR-0654-t1":1.3231151804,"MR-0654-t2":1.3977769729,"MR-0655":1.6048666021,"MR-0656":1.6370681738,"MR-0657-t2":1.358831106,"MR-0658":1.364950674,"MR-0659-t1":1.1761159586,"MR-0659-t2":1.3845781227,"MR-0661":1.4939885293,"MR-0662":1.4793945084,"MR-0663":1.0240742623,"MR-0665":1.4381311855,"MR-0667":1.4381738614,"MR-0668":1.4535430855,"MR-0669":1.4846293373,"MR-0674":1.3827413876,"MR-0676":1.2889844751,"MR-0677":1.2632921957,"MR-0678":1.4571393678,"MR-0679":1.389543402,"MR-0680":1.2907640507},"3":{"MR-0644":1.5118422359,"MR-0645":1.6483588721,"MR-0648":1.1423890849,"MR-0649":1.3407173847,"MR-0654-t1":1.3478188829,"MR-0654-t2":1.5979565654,"MR-0655":1.3041653354,"MR-0656":1.5831286749,"MR-0657-t2":1.6106071767,"MR-0658":1.4161778252,"MR-0659-t1":1.7518039853,"MR-0659-t2":1.5120983912,"MR-0661":1.686040121,"MR-0662":1.6240410599,"MR-0663":1.4035058779,"MR-0665":1.6761253271,"MR-0667":1.6287098433,"MR-0668":1.6444282053,"MR-0669":1.6594058151,"MR-0674":1.0962208361,"MR-0676":1.3201780333,"MR-0677":1.3313481572,"MR-0678":1.6989295587,"MR-0679":1.5884388172,"MR-0680":1.5268579305},"4":{"MR-0644":1.5759430506,"MR-0645":1.6058357615,"MR-0648":1.511867456,"MR-0649":1.3126364456,"MR-0654-t1":1.4735900217,"MR-0654-t2":1.5933682164,"MR-0655":1.5691408208,"MR-0656":1.7069540886,"MR-0657-t2":1.4154360804,"MR-0658":1.4113915485,"MR-0659-t1":1.6140711689,"MR-0659-t2":1.5118948736,"MR-0661":1.6172266155,"MR-0662":1.5175610676,"MR-0663":0.9698493563,"MR-0665":1.5376212542,"MR-0667":1.5586414086,"MR-0668":1.5615642331,"MR-0669":1.5656930852,"MR-0674":1.4898299416,"MR-0676":1.3826194369,"MR-0677":1.3449532729,"MR-0678":1.5411592364,"MR-0679":1.3452477693,"MR-0680":1.5255870159},"5":{"MR-0644":1.4495154085,"MR-0645":1.4712148681,"MR-0648":1.3458951429,"MR-0649":1.3323129366,"MR-0654-t1":1.3247643247,"MR-0654-t2":1.3918270019,"MR-0655":1.3414660678,"MR-0656":1.6601147618,"MR-0657-t2":1.424691392,"MR-0658":1.3390867757,"MR-0659-t1":1.4367380308,"MR-0659-t2":1.4470461359,"MR-0661":1.5081672789,"MR-0662":1.4272910833,"MR-0663":0.9759509519,"MR-0665":1.4480675983,"MR-0667":1.4146335707,"MR-0668":1.4628310285,"MR-0669":1.5808621355,"MR-0674":1.2740894195,"MR-0676":1.2907208537,"MR-0677":1.3735963253,"MR-0678":1.3796668157,"MR-0679":1.4054983005,"MR-0680":1.3496813189},"type":{"MR-0644":"WT_3m","MR-0645":"WT_3m","MR-0648":"WT_3m","MR-0649":"WT_3m","MR-0654-t1":"WT_3m","MR-0654-t2":"WT_3m","MR-0655":"WT_6m","MR-0656":"WT_6m","MR-0657-t2":"WT_6m","MR-0658":"WT_6m","MR-0659-t1":"WT_6m","MR-0659-t2":"WT_6m","MR-0661":"5xFAD_3m","MR-0662":"5xFAD_3m","MR-0663":"5xFAD_3m","MR-0665":"5xFAD_3m","MR-0667":"5xFAD_3m","MR-0668":"5xFAD_3m","MR-0669":"5xFAD_3m","MR-0674":"5xFAD_6m","MR-0676":"5xFAD_6m","MR-0677":"5xFAD_6m","MR-0678":"5xFAD_6m","MR-0679":"5xFAD_6m","MR-0680":"5xFAD_6m"}}