{"0":{"MR-0644":0.6716258204,"MR-0645":0.6594689622,"MR-0648":0.5472183994,"MR-0649":0.5484383955,"MR-0654-t1":0.6438568395,"MR-0654-t2":0.5676594169,"MR-0655":0.591404752,"MR-0656":0.6495674599,"MR-0657-t2":0.6141996989,"MR-0658":0.5721305852,"MR-0659-t1":0.5314876424,"MR-0659-t2":0.6459333704,"MR-0661":0.6405609173,"MR-0662":0.6095741553,"MR-0663":0.6490913643,"MR-0665":0.6437721311,"MR-0667":0.6275815565,"MR-0668":0.6523727716,"MR-0669":0.5582090908,"MR-0674":0.5456209568,"MR-0676":0.510657874,"MR-0677":0.5294263217,"MR-0678":0.554987442,"MR-0679":0.5711814644,"MR-0680":0.5410324927},"3":{"MR-0644":0.6756935565,"MR-0645":0.6677743994,"MR-0648":0.5454131038,"MR-0649":0.5438062804,"MR-0654-t1":0.6258658586,"MR-0654-t2":0.6169780198,"MR-0655":0.5942152162,"MR-0656":0.6261668522,"MR-0657-t2":0.601737637,"MR-0658":0.5560124107,"MR-0659-t1":0.5086828884,"MR-0659-t2":0.6466602463,"MR-0661":0.6370332212,"MR-0662":0.6030750937,"MR-0663":0.6446597116,"MR-0665":0.6514480666,"MR-0667":0.6003830834,"MR-0668":0.6543542623,"MR-0669":0.541090301,"MR-0674":0.5167045949,"MR-0676":0.5238647688,"MR-0677":0.5377667642,"MR-0678":0.5569511473,"MR-0679":0.5828261318,"MR-0680":0.5375254451},"1":{"MR-0644":0.6666940086,"MR-0645":0.6410048682,"MR-0648":0.55164279,"MR-0649":0.5697504415,"MR-0654-t1":0.6456868933,"MR-0654-t2":0.5874015434,"MR-0655":0.593484879,"MR-0656":0.6405434152,"MR-0657-t2":0.649350579,"MR-0658":0.5719066494,"MR-0659-t1":0.5185052181,"MR-0659-t2":0.6752500643,"MR-0661":0.6552374263,"MR-0662":0.604623019,"MR-0663":0.6442216006,"MR-0665":0.6760995967,"MR-0667":0.6139894657,"MR-0668":0.6725469905,"MR-0669":0.6094060173,"MR-0674":0.54616599,"MR-0676":0.5292460381,"MR-0677":0.5438707966,"MR-0678":0.5481494355,"MR-0679":0.6035798033,"MR-0680":0.5315147643},"4":{"MR-0644":0.6570540563,"MR-0645":0.6431803287,"MR-0648":0.5591972258,"MR-0649":0.5432372283,"MR-0654-t1":0.628750837,"MR-0654-t2":0.6012281943,"MR-0655":0.6303682319,"MR-0656":0.6254020826,"MR-0657-t2":0.644505536,"MR-0658":0.5747366452,"MR-0659-t1":0.5235050357,"MR-0659-t2":0.6802720452,"MR-0661":0.6560922136,"MR-0662":0.6097748618,"MR-0663":0.632867445,"MR-0665":0.658528224,"MR-0667":0.5961056493,"MR-0668":0.6822186721,"MR-0669":0.5993223556,"MR-0674":0.5368804232,"MR-0676":0.5244518946,"MR-0677":0.5539769986,"MR-0678":0.5658379373,"MR-0679":0.5937698949,"MR-0680":0.5272752573},"2":{"MR-0644":0.6501297105,"MR-0645":0.6456839327,"MR-0648":0.5397929574,"MR-0649":0.5272771822,"MR-0654-t1":0.6267009235,"MR-0654-t2":0.6059823934,"MR-0655":0.5601983767,"MR-0656":0.6343793421,"MR-0657-t2":0.6082207016,"MR-0658":0.5658890599,"MR-0659-t1":0.5072755793,"MR-0659-t2":0.642962143,"MR-0661":0.6441406249,"MR-0662":0.5924254007,"MR-0663":0.6423156821,"MR-0665":0.6581059562,"MR-0667":0.5941259506,"MR-0668":0.6575538893,"MR-0669":0.5625325275,"MR-0674":0.5197201209,"MR-0676":0.5156980309,"MR-0677":0.5190361487,"MR-0678":0.5558775011,"MR-0679":0.5509599839,"MR-0680":0.5145139746},"5":{"MR-0644":0.6466840688,"MR-0645":0.6489776857,"MR-0648":0.5377520506,"MR-0649":0.5401508494,"MR-0654-t1":0.6115136483,"MR-0654-t2":0.60389566,"MR-0655":0.553766644,"MR-0656":0.6166484141,"MR-0657-t2":0.6157547318,"MR-0658":0.5683467349,"MR-0659-t1":0.4890651798,"MR-0659-t2":0.6503842824,"MR-0661":0.6539557429,"MR-0662":0.5954199377,"MR-0663":0.6510103487,"MR-0665":0.6572258417,"MR-0667":0.5917320104,"MR-0668":0.6574670756,"MR-0669":0.5673394236,"MR-0674":0.517708071,"MR-0676":0.5105210868,"MR-0677":0.5322538868,"MR-0678":0.5511991286,"MR-0679":0.5542683773,"MR-0680":0.5264234647},"type":{"MR-0644":"WT_3m","MR-0645":"WT_3m","MR-0648":"WT_3m","MR-0649":"WT_3m","MR-0654-t1":"WT_3m","MR-0654-t2":"WT_3m","MR-0655":"WT_6m","MR-0656":"WT_6m","MR-0657-t2":"WT_6m","MR-0658":"WT_6m","MR-0659-t1":"WT_6m","MR-0659-t2":"WT_6m","MR-0661":"5xFAD_3m","MR-0662":"5xFAD_3m","MR-0663":"5xFAD_3m","MR-0665":"5xFAD_3m","MR-0667":"5xFAD_3m","MR-0668":"5xFAD_3m","MR-0669":"5xFAD_3m","MR-0674":"5xFAD_6m","MR-0676":"5xFAD_6m","MR-0677":"5xFAD_6m","MR-0678":"5xFAD_6m","MR-0679":"5xFAD_6m","MR-0680":"5xFAD_6m"}}