{
  "3": {
    "WT_3m": {
      "values": [
        0.34292586611194686,
        0.44049652106261394,
        0.12223132047152224,
        0.16207317961047646,
        0.23816140130337854,
        0.3035947083019382
      ],
      "n": 6,
      "n_classes": 4
    },
    "WT_6m": {
      "values": [
        0.21719117758351483,
        0.3605067409366094,
        0.26053704803504396,
        0.19986791232802592,
        0.2602923020254391,
        0.27614055246777347
      ],
      "n": 6,
      "n_classes": 4
    },
    "5xFAD_3m": {
      "values": [
        0.34148726413183095,
        0.3131737771877708,
        0.29626863394609315,
        0.4109720411820581,
        0.33074446835243765,
        0.3329880605172123,
        0.29134620475079354
      ],
      "n": 7,
      "n_classes": 4
    },
    "5xFAD_6m": {
      "values": [
        0.11136537876932051,
        0.13220327201432286,
        0.11073755039224835,
        0.30299092415070666,
        0.222981455865487,
        0.16091960895144847
      ],
      "n": 6,
      "n_classes": 4
    }
  },
  "5": {
    "WT_3m": {
      "values": [
        0.19963567196035023,
        0.19403857294899649,
        0.26890450396331783,
        0.2508313839566122,
        0.1855981162169784,
        0.27070212940854904
      ],
      "n": 6,
      "n_classes": 4
    },
    "WT_6m": {
      "values": [
        0.10979876968857472,
        0.2609630508231405,
        0.1934063872833114,
        0.24030572380688786,
        0.27386373788381796,
        0.17217462484689205
      ],
      "n": 6,
      "n_classes": 4
    },
    "5xFAD_3m": {
      "values": [
        0.24384618573621905,
        0.18345732316003274,
        0.2490483807779227,
        0.20496327786248048,
        0.2525309213114252,
        0.23638712697530162,
        0.19131657947665884
      ],
      "n": 7,
      "n_classes": 4
    },
    "5xFAD_6m": {
      "values": [
        0.30723438984157697,
        0.29783512567748244,
        0.3161507582621934,
        0.21384472585880657,
        0.22488254509461425,
        0.3275348066095009
      ],
      "n": 6,
      "n_classes": 4
    }
  }
}