{"0":{"MR-0644":0.2870608696,"MR-0645":0.3764921804,"MR-0648":0.2024877728,"MR-0649":0.2136701798,"MR-0654-t1":0.2762702517,"MR-0654-t2":0.2505580974,"MR-0655":0.4342216442,"MR-0656":0.3859544165,"MR-0657-t2":0.371866724,"MR-0658":0.2516046874,"MR-0659-t1":0.2083649594,"MR-0659-t2":0.2454497569,"MR-0661":0.2989252604,"MR-0662":0.2874526777,"MR-0663":0.2591500783,"MR-0665":0.4001855693,"MR-0667":0.451967905,"MR-0668":0.3083108122,"MR-0669":0.3394571556,"MR-0674":0.1671445208,"MR-0676":0.1542744775,"MR-0677":0.1635997275,"MR-0678":0.3219646084,"MR-0679":0.2598946931,"MR-0680":0.2526986907},"1":{"MR-0644":0.1265540267,"MR-0645":0.1042083058,"MR-0648":0.107523455,"MR-0649":0.1057951757,"MR-0654-t1":0.1263489042,"MR-0654-t2":0.1507623187,"MR-0655":0.2090406424,"MR-0656":0.1801293111,"MR-0657-t2":0.1252006194,"MR-0658":0.0997981524,"MR-0659-t1":0.164271215,"MR-0659-t2":0.1044479843,"MR-0661":0.1160631674,"MR-0662":0.1063985913,"MR-0663":0.0657902989,"MR-0665":0.1238815342,"MR-0667":0.1503370012,"MR-0668":0.1010333121,"MR-0669":0.1218684363,"MR-0674":0.0971826786,"MR-0676":0.12987951,"MR-0677":0.1466583539,"MR-0678":0.1124683733,"MR-0679":0.0803629715,"MR-0680":0.1122483965},"2":{"MR-0644":0.2056138598,"MR-0645":0.1931720473,"MR-0648":0.2206429169,"MR-0649":0.2572477879,"MR-0654-t1":0.2091852428,"MR-0654-t2":0.256416906,"MR-0655":0.2000655299,"MR-0656":0.2643440802,"MR-0657-t2":0.1894246823,"MR-0658":0.227494339,"MR-0659-t1":0.3269775801,"MR-0659-t2":0.1665145388,"MR-0661":0.238547767,"MR-0662":0.2327814127,"MR-0663":0.2456998672,"MR-0665":0.1955247066,"MR-0667":0.2393722871,"MR-0668":0.2360105949,"MR-0669":0.1855816675,"MR-0674":0.2843201571,"MR-0676":0.2936712362,"MR-0677":0.3206612185,"MR-0678":0.2288554704,"MR-0679":0.2136828186,"MR-0680":0.2803381241},"3":{"MR-0644":0.3429258661,"MR-0645":0.4404965211,"MR-0648":0.1222313205,"MR-0649":0.1620731796,"MR-0654-t1":0.2381614013,"MR-0654-t2":0.3035947083,"MR-0655":0.2171911776,"MR-0656":0.3605067409,"MR-0657-t2":0.260537048,"MR-0658":0.1998679123,"MR-0659-t1":0.260292302,"MR-0659-t2":0.2761405525,"MR-0661":0.3414872641,"MR-0662":0.3131737772,"MR-0663":0.2962686339,"MR-0665":0.4109720412,"MR-0667":0.3307444684,"MR-0668":0.3329880605,"MR-0669":0.2913462048,"MR-0674":0.1113653788,"MR-0676":0.132203272,"MR-0677":0.1107375504,"MR-0678":0.3029909242,"MR-0679":0.2229814559,"MR-0680":0.160919609},"4":{"MR-0644":0.1041862778,"MR-0645":0.1295781998,"MR-0648":0.1097087905,"MR-0649":0.0790090864,"MR-0654-t1":0.1035858266,"MR-0654-t2":0.1346816509,"MR-0655":0.1068910204,"MR-0656":0.1881289764,"MR-0657-t2":0.1013969487,"MR-0658":0.0746472441,"MR-0659-t1":0.1722688917,"MR-0659-t2":0.1144352272,"MR-0661":0.1242251925,"MR-0662":0.1012887673,"MR-0663":0.0807289127,"MR-0665":0.1097802347,"MR-0667":0.117494011,"MR-0668":0.1101755562,"MR-0669":0.0988765423,"MR-0674":0.1001905591,"MR-0676":0.1354703702,"MR-0677":0.1185592084,"MR-0678":0.1018306589,"MR-0679":0.0712840504,"MR-0680":0.1232482923},"5":{"MR-0644":0.199635672,"MR-0645":0.1940385729,"MR-0648":0.268904504,"MR-0649":0.250831384,"MR-0654-t1":0.1855981162,"MR-0654-t2":0.2707021294,"MR-0655":0.1097987697,"MR-0656":0.2609630508,"MR-0657-t2":0.1934063873,"MR-0658":0.2403057238,"MR-0659-t1":0.2738637379,"MR-0659-t2":0.1721746248,"MR-0661":0.2438461857,"MR-0662":0.1834573232,"MR-0663":0.2490483808,"MR-0665":0.2049632779,"MR-0667":0.2525309213,"MR-0668":0.236387127,"MR-0669":0.1913165795,"MR-0674":0.3072343898,"MR-0676":0.2978351257,"MR-0677":0.3161507583,"MR-0678":0.2138447259,"MR-0679":0.2248825451,"MR-0680":0.3275348066},"type":{"MR-0644":"WT_3m","MR-0645":"WT_3m","MR-0648":"WT_3m","MR-0649":"WT_3m","MR-0654-t1":"WT_3m","MR-0654-t2":"WT_3m","MR-0655":"WT_6m","MR-0656":"WT_6m","MR-0657-t2":"WT_6m","MR-0658":"WT_6m","MR-0659-t1":"WT_6m","MR-0659-t2":"WT_6m","MR-0661":"5xFAD_3m","MR-0662":"5xFAD_3m","MR-0663":"5xFAD_3m","MR-0665":"5xFAD_3m","MR-0667":"5xFAD_3m","MR-0668":"5xFAD_3m","MR-0669":"5xFAD_3m","MR-0674":"5xFAD_6m","MR-0676":"5xFAD_6m","MR-0677":"5xFAD_6m","MR-0678":"5xFAD_6m","MR-0679":"5xFAD_6m","MR-0680":"5xFAD_6m"}}